question,chunk_id,topic,group,source_content
dịch vụ hoạt động như thế nào?,74,MiDesk: Hợp đồng,MiDesk,Các gói dịch vụ của MiDesk cung cấp theo tháng hoặc theo năm; khách hàng có thể đăng ký/hủy dịch vụ bất kỳ khi nào (nhưng không hoàn trả lại phí đặt cọc).
Tôi muốn biết về Live Chat,415,Live Chat Website,MiDesk,"MiDesk hỗ trợ Live Chat trên website — khách truy cập có thể chat trực tiếp, agent nhận và phản hồi ngay, thu thập thông tin khách dễ dàng."
Giải thích về hệ thống,395,Khả năng tích hợp API,MiCXM,MiCXM cho phép tích hợp API với CRM/ERP hoặc các hệ thống bên ngoài để đồng bộ dữ liệu khách hàng và workflow.
MITEK đầu tư đào tạo nhân sự nhằm nâng cao?,278,Phát triển con người,Value,MITEK đầu tư đào tạo nhân sự nhằm nâng cao năng lực chuyên môn và phát triển sự nghiệp bền vững.
Giải thích về Hotline,400,Liên hệ & Hỗ trợ,MiCXM,"Hotline hỗ trợ MiCXM: 1900 1238 – Email: contact@mitek.vn, hỗ trợ tư vấn & triển khai."
Outsourcing hoạt động như thế nào?,173,Chung: BPO,Other,"MITEK cung cấp giải pháp cho lĩnh vực Thuê ngoài (BPO Outsourcing), giúp các công ty BPO triển khai Contact Center hiệu quả và tiết kiệm."
Lợi ích của khách hàng,269,Cam kết đồng hành,Commitment,MITEK coi sự thành công của khách hàng chính là thành công của công ty và cam kết đồng hành lâu dài.
quản lý hoạt động như thế nào?,376,Ứng dụng trong giáo dục & đào tạo,MiCXM,"Giáo dục/đào tạo dùng MiCXM để quản lý cuộc gọi tư vấn, hỗ trợ học viên, thông báo, CSKH qua nhiều kênh."
Tại sao nên dùng dịch vụ?,78,So sánh SP,Other,MiDesk tập trung vào Quản lý dịch vụ hỗ trợ khách hàng (CSKH) và các yêu cầu tương tác đa kênh (non-voice) thông qua hệ thống Ticket system.
Lợi ích của quản lý,443,Thích hợp start-up & SMEs,MiDesk,"Ngay cả doanh nghiệp nhỏ, start-up với nguồn lực hạn chế vẫn có thể sử dụng MiDesk để quản lý khách hàng chuyên nghiệp."
Tính năng Ticket System,10,Sản phẩm,Product,MiDesk (OmniChannel Support) là phần mềm quản lý hỗ trợ khách hàng đa kênh thông qua hệ thống Ticket System tập trung.
Tôi muốn biết về Tổng đài,282,Dịch vụ chính,MiPBX,"MiPBX cung cấp giải pháp Tổng đài Cloud PBX, Cloud Call Center, Auto-Call, VoiceBot/Voice OTP cho doanh nghiệp."
Tôi muốn biết về agent,434,Hỗ trợ nhiều chi nhánh,MiDesk,"MiDesk phù hợp với doanh nghiệp nhiều chi nhánh — dữ liệu tập trung, agent từ nhiều nơi vẫn làm việc tập trung & đồng bộ."
Giải thích về hệ thống,299,Đăng ký Demo,MiPBX,MiPBX cho phép doanh nghiệp đăng ký dùng thử miễn phí để trải nghiệm hệ thống trước khi quyết định sử dụng.
Giải thích về ticket,31,MiDesk: SLA,MiDesk,"MiDesk cho phép thiết lập SLA (Service Level Agreement) cho từng ticket để đo lường và quản lý thời gian phản hồi/xử lý, giúp gia tăng sự hài lòng của khách hàng."
Tính năng Extension,94,MiPBX: Di động,MiPBX,"Nhờ ứng dụng di động trên Smartphone, nhân viên có thể gọi ra bằng đầu số của công ty (số Extension) ở bất cứ đâu, tăng tính chuyên nghiệp và dễ quản lý."
Hướng dẫn sử dụng tổng đài,56,MiPBX: Vị trí,MiPBX,"MiPBX có tính linh hoạt cao, cho phép doanh nghiệp sử dụng tổng đài Cloud dù ở bất kỳ nơi đâu, không giới hạn vị trí địa lý."
Hướng dẫn sử dụng dịch vụ,424,Phù hợp ngành đa dạng,MiDesk,"MiDesk phù hợp nhiều ngành: bán lẻ, thương mại điện tử, dịch vụ, nhà hàng – khách sạn, logistics, bảo hành, support sau bán — dùng CSKH & ticket đa kênh."
Hướng dẫn sử dụng Hệ thống,34,MiDesk: Tự động,MiDesk,Hệ thống MiDesk có thể tự động nhắc nhở khi phiếu đến hạn hoặc quá hạn xử lý.
MITEK chọn lựa sứ mệnh thấu hiểu và phát?,204,Chung: Tầm nhìn,Other,MITEK chọn lựa sứ mệnh thấu hiểu và phát triển những ứng dụng công nghệ tiên tiến trong lĩnh vực CNTT và Viễn thông.
Chi tiết về khách hàng,181,MiCXM: Lợi ích,MiCXM,MiCXM là nền tảng giúp doanh nghiệp dẫn đầu về CX (Trải nghiệm khách hàng) trong kỷ nguyên số.
SMS quảng cáo nên gửi trước 16:30 ngày làm việc?,466,Quy định thời gian gửi SMS QC,MiSMS,SMS quảng cáo nên gửi trước 16:30 ngày làm việc (Thứ 2–Thứ 6). Nếu muốn gửi vào thứ 7/Chủ nhật — cần gửi trước 16:30 thứ 6 để đảm bảo đúng quy định.
Chi tiết về Start,71,MiDesk: Doanh nghiệp,MiDesk,"MiDesk phù hợp với mọi quy mô doanh nghiệp, không giới hạn ngành nghề, từ các công ty lớn đến các Start-up, chỉ cần cung cấp số lượng người dùng và nhu cầu."
Hướng dẫn sử dụng hệ thống,262,Trách nhiệm,Company,"Đội ngũ MITEK chịu trách nhiệm đến cùng trong việc hỗ trợ, giải quyết sự cố và tối ưu hiệu suất hệ thống cho doanh nghiệp."
Chi tiết về hệ thống,105,Case Study,Case Study,"Nhà xe Duy Tân đặc biệt hài lòng với sự ổn định của hệ thống tổng đài MiPBX và khả năng giải quyết sự cố rất nhanh chóng, điều rất quan trọng với tỷ lệ đặt xe lên đến hàng trăm cuộc mỗi ngày."
hệ thống là gì?,475,Cam kết chất lượng,MiSMS,"MiSMS cam kết hệ thống ổn định, gửi tin nhắn chính xác, không lỗi, giúp doanh nghiệp yên tâm sử dụng cho CSKH & marketing."
"Cho phép thực hiện chiến dịch telesales, khảo?",359,Tính năng Outbound,MiCXM,"Cho phép thực hiện chiến dịch telesales, khảo sát, debt-collection, marketing qua điện thoại hoặc SMS."
Lợi ích của khách hàng,322,Lợi ích,AutoCall,Auto Call giúp giảm 95% nhân lực tổng đài và tăng 75% hiệu quả tiếp cận khách hàng.
Cloud là gì?,302,Lợi ích,MiPBX,"MiPBX giảm chi phí vận hành nhờ mô hình Cloud, miễn phí cuộc gọi nội bộ giữa các chi nhánh."
Giải thích về giải pháp,1,Giới thiệu,Company,MITEK J.S.C là Công ty Cổ phần Công nghệ Dịch vụ chuyên cung cấp các giải pháp công nghệ tiên tiến trong lĩnh vực CNTT và Viễn thông.
MiCXM có thể tùy chỉnh module theo nghiệp vụ doanh?,392,Khả năng tùy chỉnh,MiCXM,"MiCXM có thể tùy chỉnh module theo nghiệp vụ doanh nghiệp: telesales, CSKH, debt collection, hỗ trợ kỹ thuật, v.v."
dịch vụ là gì?,12,Sản phẩm,Product,MiSMS cung cấp dịch vụ gửi tin nhắn hàng loạt bằng SMS Brandname và Zalo Notification Service (ZNS) để quảng cáo và chăm sóc khách hàng.
"MiCXM hỗ trợ tư vấn, triển khai,?",381,Hỗ trợ & Tư vấn,MiCXM,"MiCXM hỗ trợ tư vấn, triển khai, hướng dẫn sử dụng và hỗ trợ kỹ thuật — đảm bảo doanh nghiệp được hỗ trợ đầy đủ."
Tính năng khách hàng,431,Dữ liệu & quyền riêng tư,MiDesk,"MiDesk đảm bảo bảo mật dữ liệu khách hàng — thông tin cá nhân, lịch sử tương tác được quản lý chặt chẽ."
Tại sao nên dùng Cloud?,378,Không cần hạ tầng vật lý,MiCXM,"MiCXM hoạt động trên nền tảng Cloud / Web — doanh nghiệp không cần đầu tư phần cứng riêng, giảm chi phí hạ tầng."
Tại sao nên dùng quản lý?,118,MiPBX: Quản lý,MiPBX,"MiPBX cung cấp khả năng quản lý chi tiết lịch sử cuộc gọi, bao gồm báo cáo cuộc gọi vào, cuộc gọi ra, cuộc gọi nhỡ, cuộc gọi trả lời và không trả lời."
Tại sao nên dùng Viettel?,303,Hạ tầng,MiPBX,"MiPBX được triển khai trên cụm máy chủ Cloud đặt tại IDC VNPT và Viettel, bảo đảm tính ổn định cao."
Tại sao nên dùng Chat?,174,Chung: Hỗ trợ,Support,"Hỗ trợ kỹ thuật được thực hiện qua Mail, kênh Chat (Zalo, Skype); các sự cố gấp có thể gọi Hotline hoặc đầu mối liên hệ chính để được hỗ trợ nhanh chóng."
Tại sao nên dùng Doanh?,472,Chi phí & thanh toán,MiSMS,"Doanh nghiệp cần thanh toán phí duy trì Brandname, phí dịch vụ hàng tháng và chi phí theo số lượng SMS gửi — nạp tiền trước hoặc theo gói tùy chọn."
Tôi muốn biết về Excel,19,Tính năng Auto Call,Other,"Auto Call MiPBX hỗ trợ quản lý đồng thời nhiều chiến dịch, cho phép tương tác cuộc gọi 2 chiều qua phím ấn, và quản lý nguồn import từ file Excel hoặc qua API."
Tại sao nên dùng tích hợp?,333,Tích hợp,CRM,MiPBX tích hợp với CRM để hiển thị popup thông tin khách hàng khi có cuộc gọi đến.
MITEK không làm việc vào Thứ Bảy và Chủ nhật.?,186,Thông tin,Info,MITEK không làm việc vào Thứ Bảy và Chủ nhật.
Lợi ích của tổng đài,91,MiPBX: Vận hành,MiPBX,"Để đảm bảo độ ổn định cao, công nghệ tổng đài MiPBX được chạy trên hạ tầng Cloud, xử lý thông minh trên nhiều máy chủ back-up riêng biệt."
Tính năng Voice Brandname,221,Voice Brandname,Voice Brandname,Dịch vụ Voice Brandname của MITEK được đăng ký hồ sơ chính thức với nhà mạng và sẽ không bị đánh dấu là Spam trên điện thoại người nhận.
Lợi ích của Webcallback,40,MiDesk: WebCallback,MiDesk,"Webcallback là một kênh cho phép khách hàng điền số điện thoại trên website và yêu cầu gọi lại, hệ thống MiDesk sẽ tự động kết nối nhân viên và khách hàng."
Auto Call là gì?,324,Quản lý chiến dịch,AutoCall,Auto Call hỗ trợ quản lý nhiều chiến dịch song song và theo dõi kết quả theo thời gian thực.
Tính năng Brandname,460,Lợi ích – độ mở cao,MiSMS,SMS Brandname của MiSMS có tỉ lệ người nhận mở tin nhắn cao — giúp doanh nghiệp tiếp cận khách hàng hiệu quả hơn so với nhiều kênh khác.
Giải thích về Agent,77,So sánh SP,Other,"MiCXM tập trung vào Quản lý bán hàng (Telesales) và các chiến dịch Outbound Campaign, sử dụng các công cụ tối ưu hóa hiệu suất Agent và Contact Center."
MiPBX tương thích với nhiều loại thiết bị đầu cuối?,156,MiPBX: Tương thích,MiPBX,"MiPBX tương thích với nhiều loại thiết bị đầu cuối như điện thoại IP, softphone trên máy tính, và ứng dụng di động, mang lại sự linh hoạt tối đa cho nhân viên."
Lợi ích của Hệ thống,64,MiCXM: Agent,MiCXM,"MiCXM – Hệ thống cho phép các agent lưu lại thông tin khách hàng từ bất kỳ đâu và từ bất kỳ kênh truyền thông nào chỉ một lần duy nhất, tối ưu hóa quá trình làm việc."
khách hàng có những ưu điểm gì?,391,Tối ưu trải nghiệm khách hàng,MiCXM,"MiCXM giúp doanh nghiệp tăng mức độ hài lòng khách hàng nhờ xử lý nhanh, đa kênh, và lịch sử tương tác đầy đủ."
Server là gì?,341,Ghi âm,Bảo mật,Ghi âm lưu trữ tập trung trên Server và có thể đặt lịch backup định kỳ.
Tôi muốn biết về Khách hàng,416,Web Callback,MiDesk,Khách hàng có thể để lại thông tin trên website yêu cầu gọi lại; MiDesk tự động tạo ticket & chuyển tới bộ phận hỗ trợ phù hợp.
Hướng dẫn sử dụng khách hàng,435,Case Study Ngành Dịch vụ,MiDesk,"Nhiều doanh nghiệp dịch vụ (nhà hàng, khách sạn, spa…) chọn MiDesk để chăm sóc khách hàng đa kênh — tối ưu quy trình và trải nghiệm."
Chi tiết về Doanh,306,Đầu số,MiPBX,Doanh nghiệp có thể tích hợp đa dạng đầu số như 1900/1800 hoặc SIP Trunk từ các nhà mạng lớn.
MITEK luôn theo sát doanh nghiệp trong toàn?,267,Cam kết hỗ trợ,Commitment,"MITEK luôn theo sát doanh nghiệp trong toàn bộ vòng đời sử dụng sản phẩm từ triển khai, đào tạo, vận hành đến tối ưu."
tích hợp hoạt động như thế nào?,83,Đối tác,Other,"MITEK là đối tác tích hợp của nhiều CRM/Helpdesk nổi tiếng như Zendesk, HubSpot CRM, Freshdesk, Bitrix24, Zoho Desk, và Salesforce CRM."
Tôi muốn biết về hệ thống,102,RAG: Ưu điểm,Other,"Lợi ích của Đa kênh hợp nhất (Omni-channel) so với Multi-channel là khả năng tối ưu hóa việc hỗ trợ, chăm sóc khách hàng trên một hệ thống duy nhất, tiết kiệm nguồn lực."
"Khi doanh nghiệp phát triển,?",478,Dễ mở rộng,MiSMS,"Khi doanh nghiệp phát triển, MiSMS dễ mở rộng quy mô gửi tin, số lượng số điện thoại, module SMS/ZNS theo nhu cầu mà không cần đầu tư lại hạ tầng."
Lợi ích của khách hàng,114,MiPBX: Cấu hình,MiPBX,"Khi muốn Backup ghi âm MiPBX về Server riêng, khách hàng cần cung cấp tài khoản SFTP và chuẩn bị cấu hình server (ví dụ: 4vCPU, 4vRAM, 1TB) tùy thuộc vào dung lượng."
Giải thích về Brandname,464,Quy định Brandname,MiSMS,"Tên thương hiệu (Brandname) hiển thị trên SMS có độ dài từ 3–11 ký tự; không được chứa ký tự đặc biệt như #, %, [, ], {, }, <, >, \\, @ để đảm bảo hiển thị đúng trên điện thoại."
Chi tiết về Helpdesk,254,Đối tác công nghệ,Product,"MITEK là đối tác triển khai của các CRM/Helpdesk như Zoho, Salesforce, Zendesk, Freshdesk, HubSpot."
Tôi muốn biết về khách hàng,79,Hệ sinh thái,Other,"Sự kết hợp giữa MiPBX và MiCXM tạo ra một giải pháp Contact Center toàn diện, vừa đảm bảo hạ tầng thoại, vừa tối ưu hóa năng suất bán hàng và chăm sóc khách hàng."
Hướng dẫn sử dụng quản lý,138,MiDesk: Todo-list,MiDesk,"Tính năng quản lý todo-list tích hợp trong MiDesk giúp nhân viên theo dõi các việc cần xử lý cho từng phiếu yêu cầu, đảm bảo không bỏ sót nhiệm vụ."
"Chào bạn, hy vọng bạn đang có?",235,Chào hỏi,Greeting,"Chào bạn, hy vọng bạn đang có một ngày thuận lợi. Bạn muốn tra cứu gì ạ?"
Tại sao nên dùng Phone?,305,Kết nối,MiPBX,"MiPBX tương thích với IP Phone, Softphone và ứng dụng di động cho nhân viên bán hàng hoặc CSKH."
Lợi ích của khách hàng,323,Tính năng,AutoCall,Hệ thống cho phép tương tác phím bấm để khách hàng phản hồi trực tiếp trong cuộc gọi tự động.
Lợi ích của Penalty,69,MiDesk: Queue,MiDesk,Cài đặt Nhóm 1 có Penalty = 0 và Nhóm 2 có Penalty = 1; bao giờ Nhóm 1 bận hết thì mới đến lượt Nhóm 2 xử lý.
Tính năng hệ thống,73,MiDesk: Agent/Ticket,MiDesk,"Trong hệ thống MiDesk, Agent là nhân viên tiếp nhận trực tiếp nhu cầu của khách hàng qua điện thoại, còn Ticket là yêu cầu phát sinh của khách hàng (câu hỏi, vấn đề, khiếu nại)."
Chi tiết về Facebook,219,Tích hợp CRM,Integration,"Nhân viên dễ dàng tiếp nhận, xử lý và quản lý lịch sử tương tác của cả hai kênh Facebook và Zalo OA tập trung trên nền tảng Zoho CRM, không bị phân tán."
Tại sao nên dùng khách hàng?,311,Bảo mật,MiPBX,"MiPBX sử dụng TLS/SRTP để mã hóa cuộc gọi, bảo vệ thông tin trao đổi của khách hàng."
Tại sao nên dùng tích hợp?,80,Hệ sinh thái,Other,Việc tích hợp MiDesk với hệ thống tổng đài đảm bảo rằng mọi tương tác qua kênh thoại cũng được chuyển đổi thành ticket và quản lý liền mạch với các kênh chat/email.
tổng đài hoạt động như thế nào?,209,MiPBX: Đầu số,MiPBX,MiPBX hoàn toàn không có giới hạn gì về đầu số tổng đài có thể kết nối và sử dụng.
Lợi ích của Customer Journey,149,MiDesk: CX,MiDesk,"MiDesk hỗ trợ doanh nghiệp vẽ được sơ đồ về hành trình khách hàng (Customer Journey), từ điểm chạm đầu tiên đến khi họ kết nối với nhân viên hỗ trợ."
Average Speed là gì?,155,MiPBX: Báo cáo,MiPBX,"Báo cáo của MiPBX bao gồm các chỉ số quan trọng như AHT (Average Handle Time), ASA (Average Speed of Answer) và FCR (First Contact Resolution) để đo lường hiệu suất phục vụ."
Giải thích về dịch vụ,176,Mục đích,Other,"Sản phẩm và dịch vụ MITEK cung cấp dựa trên nền tảng điện toán đám mây, triển khai nhanh chóng, tiện dụng, đáp ứng cho tất cả các quy mô doanh nghiệp từ nhỏ đến lớn."
Chi tiết về dịch vụ,250,Năm thành lập,Company,"MITEK được thành lập từ năm 2016, hoạt động trong lĩnh vực phần mềm dịch vụ khách hàng."
Giải thích về khách hàng,476,Tăng nhận diện thương hiệu,MiSMS,Việc tin nhắn hiển thị brandname giúp khách hàng dễ nhận biết doanh nghiệp — tăng độ chuyên nghiệp & uy tín thương hiệu.
Webhook có những ưu điểm gì?,335,Webhook,CRM,CRM có thể nhận dữ liệu realtime của cuộc gọi thông qua Webhook do MITEK cung cấp.
Hướng dẫn sử dụng Tổng đài,76,So sánh SP,Other,MiPBX tập trung vào việc cung cấp cơ sở hạ tầng thoại ổn định (Tổng đài nội bộ) và giảm chi phí đầu tư phần cứng.
Hướng dẫn sử dụng khách hàng,422,Quản lý lịch sử toàn bộ tương tác,MiDesk,"Mọi tương tác từ kênh call/chat/email/social đều được lưu trữ: thuận tiện tra cứu, hỗ trợ lại khách hàng, audit hoặc phân tích dữ liệu."
Chi tiết về Audio,16,MiPBX: Auto Call,MiPBX,"Auto Call MiPBX là dịch vụ gọi tự động thông minh, thực hiện hàng trăm, hàng nghìn cuộc gọi với nội dung dựng sẵn từ file Audio hoặc nội dung cá nhân hóa bằng công nghệ AI Text2Speech."
Failover là gì?,154,MiPBX: Độ ổn định,MiPBX,"MiPBX có cơ chế Failover tự động; nếu một trung kế (SIP Trunk) gặp sự cố, hệ thống sẽ ngay lập tức chuyển sang trung kế dự phòng để duy trì cuộc gọi và kết nối."
Nội dung quảng cáo SMS thường giới hạn?,465,Quy định nội dung SMS QC,MiSMS,"Nội dung quảng cáo SMS thường giới hạn 122 ký tự cho SMS đầu tiên, 160 ký tự cho các SMS tiếp theo; ký tự đặc biệt tính 2 ký tự."
Tính năng Email,20,MiPBX: Missed Call,MiPBX,"Để chủ động phòng chống Missed Call (cuộc gọi nhỡ) không để mất khách, MiPBX sử dụng tính năng Missed Call to Email."
Hướng dẫn sử dụng tổng đài,312,Cước phí,MiPBX,"MiPBX không tốn chi phí bảo trì tổng đài, doanh nghiệp chỉ chi trả phí thuê bao hàng tháng."
Giải thích về dịch vụ,321,Tổng quan,AutoCall,Auto Call là dịch vụ gọi tự động dựa trên nội dung dựng sẵn hoặc chuyển từ văn bản sang giọng nói AI.
Server là gì?,57,MiPBX: Bảo mật,MiPBX,"Dữ liệu cuộc gọi và ghi âm được bảo mật chặt chẽ; ghi âm được lưu từ phía Server, nên ngay cả khi User/Extension rớt mạng khi đang nói chuyện, Log và ghi âm vẫn được lưu trữ đến đoạn bị mất kết nối."
Tại sao nên dùng báo cáo?,350,Quản lý,MiPBX,Toàn bộ dữ liệu Log và báo cáo cuộc gọi được lưu trữ để phục vụ phân tích.
Chi tiết về Voice Brandname,212,Voice Brandname,Voice Brandname,"Lợi ích chính của Voice Brandname là tăng tỷ lệ bắt máy và tăng mức độ tin cậy của khách hàng, vì họ biết chính xác đơn vị nào đang gọi đến."
Tôi muốn biết về Khách hàng,433,Tối ưu trải nghiệm khách hàng,MiDesk,"Khách hàng được hỗ trợ ngay lập tức qua kênh họ chọn, không cần chuyển tiếp, giúp cải thiện trải nghiệm & độ hài lòng."
Giải thích về Zalo,223,MiCXM: Tích hợp,MiCXM,"Nền tảng giao tiếp đa kênh MiCRM (MiCXM) kết nối liền mạch giữa các kênh tương tác như Facebook, Zalo OA, Hotline, giúp Doanh nghiệp tăng tốc độ xử lý."
Rất vui được gặp bạn. Tôi có?,238,Chào hỏi,Greeting,Rất vui được gặp bạn. Tôi có thể trả lời câu hỏi nào cho bạn hôm nay?
ticket là gì?,409,Cộng tác nội bộ,MiDesk,"MiDesk cho phép phối hợp giữa các phòng ban — chia ticket, chuyển xử lý khi cần, đảm bảo thống nhất và nhanh chóng giải quyết yêu cầu."
Tại sao nên dùng tích hợp?,26,Tích hợp CRM,Integration,"Việc tích hợp MiPBX với CRM giúp nhân viên có quyền truy cập thông tin thời gian thực, phá vỡ kho chứa dữ liệu, từ đó tăng cường hiệu suất làm việc và chốt giao dịch tốt hơn."
Tôi muốn biết về dịch vụ,420,Miễn phí triển khai ban đầu,MiDesk,Một số gói dịch vụ MiDesk có chính sách miễn phí setup/triển khai — giúp doanh nghiệp dễ tiếp cận.
Tính năng khách hàng,133,MiCXM: Kịch bản,MiCXM,"MiCXM cho phép doanh nghiệp tự thiết lập kịch bản chăm sóc khách hàng và quy trình bán hàng theo từng bước chi tiết, giúp nhân viên tuân thủ nghiệp vụ một cách nhất quán."
Tại sao nên dùng dịch vụ?,229,Chung: Cam kết,Other,"MITEK luôn sẵn sàng đồng hành cùng doanh nghiệp và cung cấp hỗ trợ, tư vấn chi tiết cho mọi nhu cầu dịch vụ."
Hướng dẫn sử dụng khách hàng,474,Hỗ trợ khách hàng,MiSMS,"MiSMS hỗ trợ hỗ trợ tư vấn & kỹ thuật 24/7 — khách hàng có thể liên hệ Hotline 1900 1238 hoặc email contact@mitek.vn để được trợ giúp."""
Chi tiết về Lead,43,MiDesk: CRM,MiDesk,"MiDesk tự động tổng hợp tất cả các Lead (comment, tin nhắn, cuộc gọi,...) từ đa kênh chờ xử lý."
Tôi muốn biết về Hệ thống,361,Quản lý chiến dịch,MiCXM,"Hệ thống cho phép quản lý nhiều chiến dịch đồng thời, gán agent, theo dõi trạng thái, báo cáo kết quả cuộc gọi và KPI."
Tính năng ticket,407,Báo cáo & KPI,MiDesk,"MiDesk cung cấp báo cáo tổng hợp: KPI CSKH, SLA, số lượng ticket, thời gian xử lý, hiệu suất agent, giúp doanh nghiệp theo dõi hiệu quả chăm sóc khách hàng."
Whisper hoạt động như thế nào?,141,MiCXM: Real-time,MiCXM,Chức năng Realtime Monitoring trên MiCXM cho phép Supervisor/Admin nghe xen (Barge-in) hoặc nghe thì thầm (Whisper) vào cuộc gọi để hỗ trợ Agent mới.
hệ thống là gì?,458,Tính năng API,MiSMS,"MiSMS cung cấp API để tích hợp với website, phần mềm/CRM hiện có — giúp doanh nghiệp dễ dàng tự động hóa gửi SMS từ hệ thống của mình."
Lợi ích của dịch vụ,210,MiDesk: Hợp đồng,MiDesk,Thời gian mỗi hợp đồng dịch vụ MiDesk được cung cấp theo tháng hoặc theo năm.
Tại sao nên dùng tổng đài?,193,MiPBX: Ưu điểm,MiPBX,Tổng đài Cloud MiPBX giúp doanh nghiệp tiết kiệm cước phí hàng tháng so với tổng đài thông thường do không phát sinh chi phí gọi nội bộ.
Tôi muốn biết về khách hàng,449,Trải nghiệm khách hàng tốt hơn,MiDesk,"Với MiDesk, khách hàng được hỗ trợ toàn diện, nhất quán, không phụ thuộc kênh — nâng cao uy tín & hình ảnh thương hiệu doanh nghiệp."
Tính năng tổng đài,23,Lợi ích IVR,Benefits,"IVR giúp tiết kiệm thời gian và chi phí bằng cách tự phân loại thông tin qua tùy chọn phím bấm, giúp người gọi kết nối nhanh chóng và chính xác tới tổng đài viên phù hợp."
Giải thích về khách hàng,423,Đồng bộ dữ liệu đa kênh,MiDesk,"MiDesk đồng bộ thông tin khách hàng giữa các kênh — khi khách hàng đổi kênh, agent vẫn nhìn thấy toàn bộ lịch sử, giúp phục vụ liền mạch."
Tính năng là gì?,47,Giám sát,Other,Tính năng Realtime Monitoring cho phép Supervisor/Admin giám sát thời gian thực tất cả cuộc gọi đang diễn ra trên hệ thống và các thông tin tổng quát của cuộc gọi.
Tại sao nên dùng khách hàng?,127,MiCXM: Mục tiêu,MiCXM,"MiCXM được thiết kế cho các trung tâm chăm sóc khách hàng cần một giải pháp với chi phí hiệu quả, có thể phát triển mở rộng khi có nhu cầu."
khách hàng hoạt động như thế nào?,401,Giới thiệu,MiDesk,"MiDesk là phần mềm Omni-Channel Customer Support, hợp nhất tất cả kênh tương tác khách hàng (call, live chat, email, Facebook, Zalo OA, website) về một nền tảng duy nhất."
Tôi muốn biết về giải pháp,132,Lĩnh vực,Other,"Các giải pháp của MITEK phục vụ đa dạng các lĩnh vực như Tài chính, Chứng khoán, Ngân hàng, Giáo dục đào tạo, Bất động sản, Bảo hiểm, Dịch vụ Du lịch, và Thẩm mỹ viện/Spa."
Giải thích về khách hàng,421,Hỗ trợ 24/7,MiDesk,"MiDesk hỗ trợ kỹ thuật, tư vấn và xử lý sự cố 24/7, đảm bảo doanh nghiệp luôn sẵn sàng phục vụ khách hàng."
Lợi ích của dịch vụ,471,Hướng dẫn sử dụng,MiSMS,"MiSMS cung cấp tài liệu hướng dẫn đăng ký và sử dụng dịch vụ gửi SMS, Brandname và ZNS — giúp doanh nghiệp dễ dàng khởi tạo chiến dịch."
Tại sao nên dùng Server?,58,MiPBX: Server,MiPBX,"Server của MITEK được đặt tại hai địa điểm chính là IDC VNPT Tân Thuận và IDC Viettel, đảm bảo tính ổn định và back-up dữ liệu cao."
khách hàng có những ưu điểm gì?,177,Mục đích,Other,"MiCXM được thiết kế nhằm giúp doanh nghiệp phục vụ khách hàng tốt hơn, chuyên nghiệp hơn, từ đó thu hút thêm khách hàng mới và giữ được khách hàng cũ."
Auto là gì?,291,Dịch vụ Auto-Call,MiPBX,MiPBX hỗ trợ Auto-Call để doanh nghiệp thực hiện hàng trăm đến hàng nghìn cuộc gọi tự động với nội dung preset hoặc VoiceBot.
Tính năng Ticket,403,Ticket system,MiDesk,"MiDesk tự động chuyển tất cả tương tác từ các kênh thành Ticket, giúp quản lý yêu cầu khách hàng tập trung, theo dõi & xử lý hiệu quả."
Tại sao nên dùng Zoho?,25,Tích hợp CRM,Integration,Tổng đài Call Center MiPBX có thể tích hợp với các hệ thống CRM như Zoho CRM hoặc Bitrix24 để hiển thị giao diện Pop-up chứa thông tin khách hàng ngay khi có cuộc gọi đến.
Tại sao nên dùng Auto Call?,18,Ứng dụng Auto Call,Other,"Auto Call có thể được sử dụng trong nghiệp vụ Tài chính (gọi nhắc nhở lịch thu hồi nợ, gia hạn dịch vụ), gọi thông báo tình trạng vận đơn, hoặc gọi thông báo lịch hẹn/tái khám."
Tính năng khách hàng,67,MiCXM: Định tuyến,MiCXM,MiCXM giúp gia tăng mức độ hài lòng của khách hàng thông qua định tuyến cuộc gọi dựa trên kỹ năng (Skill-based Routing) của Agent để giải quyết vấn đề nhanh hơn.
khách hàng là gì?,397,Quản lý nhiều kênh song song,MiCXM,MiCXM hỗ trợ xử lý nhiều kênh song song — phù hợp doanh nghiệp lớn hoặc có nhiều demand khách hàng.
Yeastar có những ưu điểm gì?,87,Thiết bị,Hardware,"MITEK còn cung cấp các thiết bị đầu cuối cần thiết như Tổng đài Yeastar, Tai nghe Yealink, và Điện thoại IP Yealink cho doanh nghiệp."
Chi tiết về Tính năng,32,MiDesk: Cộng tác,MiDesk,"Tính năng cộng tác cho phép phối hợp nhanh chóng và nhất quán giữa các bộ phận, phòng ban để giải quyết một vụ việc phức tạp không thể giải quyết trong lúc trò chuyện."
Chi tiết về quản lý,85,Lĩnh vực,Other,"MITEK cung cấp giải pháp chuyên biệt cho ngành Du lịch, Nhà hàng, Khách sạn, giúp quản lý đặt chỗ và CSKH qua tổng đài hiệu quả."
MITEK J.S.C chọn lựa cho mình sứ mệnh thấu?,125,Tầm nhìn,Other,MITEK J.S.C chọn lựa cho mình sứ mệnh thấu hiểu và phát triển những ứng dụng công nghệ tiên tiến trong lĩnh vực CNTT và Viễn thông tại Việt Nam và quốc tế.
Chi tiết về Hệ thống,332,Thời gian,IVR,Hệ thống hỗ trợ Time Condition để thay đổi luồng IVR theo khung giờ làm việc.
Zalo Notification Service hoạt động như thế nào?,453,Loại dịch vụ,MiSMS,"Zalo Notification Service (ZNS) — gửi thông báo đến người dùng qua Zalo OA, phù hợp cho CSKH và marketing."
khách hàng hoạt động như thế nào?,455,Tính năng Gửi tin nhắn QC,MiSMS,"Cho phép gửi SMS quảng cáo tới khách hàng với tiêu đề hiển thị thương hiệu (Brandname) — phù hợp cho marketing, khuyến mãi, thông báo sản phẩm/dịch vụ mới."
Chi tiết về tính năng,95,MiCXM: Telesales,MiCXM,MiCXM hỗ trợ đội ngũ Telesales bằng cách cung cấp giao diện trực quan và tính năng quay số định trước để thực hiện các chiến dịch gọi ra một cách hiệu quả và tối ưu.
Hướng dẫn sử dụng ticket,336,Đồng bộ,CRM,Hệ thống đồng bộ trạng thái ticket hoặc lead ngay khi cuộc gọi kết thúc.
Doanh là gì?,182,MiDesk: Lợi ích,MiDesk,"MiDesk OmniChannel là ""Trí nhớ tập trung"" giúp Doanh nghiệp thấu hiểu và chinh phục từng Khách hàng thông qua dữ liệu tương tác liền mạch."
Chi tiết về Text,24,Tính năng IVR,Other,"Hệ thống IVR hỗ trợ định tuyến cuộc gọi dựa trên menu thời gian (Time Condition), chuyển đổi Text-to-Speech với nhiều ngôn ngữ, và tạo cây IVR phức tạp qua giao diện đồ họa."
khách hàng hoạt động như thế nào?,205,Chung: Mục tiêu,Other,"MITEK cam kết mang lại sự phồn vinh cho khách hàng, của MITEK và của Việt Nam."
"MITEK làm việc từ Thứ Hai đến Thứ Sáu,?",249,Giờ làm việc,Company,"MITEK làm việc từ Thứ Hai đến Thứ Sáu, 8:00 – 18:00. Thứ Bảy và Chủ nhật nghỉ."
Tôi muốn biết về Zalo,402,Đa kênh,MiDesk,"MiDesk hỗ trợ tất cả các kênh: Thoại (Hotline/Call), Live Chat, Email, Facebook, Zalo OA, SMS, Web Callback, Contact Form."
Lợi ích của Giải pháp,6,Tính năng MiPBX,MiPBX,"Giải pháp MiPBX có thể được triển khai rất nhanh, chỉ trong vòng 30 phút, và có chi phí vận hành cố định mỗi tháng."
App Store có những ưu điểm gì?,117,MiDesk: Mobile,MiDesk,MiDesk cho phép nhân viên truy cập và xử lý các Ticket CSKH thông qua ứng dụng trên App Store và Google Play.
MiDesk giúp doanh nghiệp tạo nên sự khác biệt trong?,46,Lợi thế,Other,"MiDesk giúp doanh nghiệp tạo nên sự khác biệt trong cạnh tranh bằng cách mang đến trải nghiệm nhất quán, cá nhân hóa và rút ngắn chu kỳ bán hàng."
Lợi ích của Auto Call,17,Lợi ích Auto Call,Benefits,"Giải pháp Auto Call MiPBX giúp cắt giảm 100% Chi phí đầu tư hạ tầng, tiết kiệm 95% nguồn lực tổng đài viên, và gia tăng 75% hiệu quả tiếp cận khách hàng."
Lợi ích của Brandname,452,Loại dịch vụ,MiSMS,"SMS Brandname — tin nhắn hiển thị tên thương hiệu thay vì số điện thoại thông thường, tăng độ nhận diện cho doanh nghiệp."
Lợi ích của Excel,372,Import dữ liệu khách hàng,MiCXM,"Hệ thống cho phép import danh sách khách hàng/leads từ Excel hoặc nhận từ API bên ngoài, dễ khởi động chiến dịch."
Tính năng Hệ thống,4,Công nghệ,Technology,Hệ thống MITEK tuân thủ các tiêu chuẩn bảo mật cao như chứng chỉ ISO 27001:2013.
Tôi muốn biết về khách hàng,438,Chi phí linh hoạt,MiDesk,"Chi phí sử dụng MiDesk tùy theo gói: số lượng khách hàng, số kênh, dung lượng lưu trữ — dễ dàng mở rộng khi doanh nghiệp phát triển."
Tại sao nên dùng Telesales?,61,MiCXM: Nghiệp vụ,MiCXM,"MiCXM là giải pháp Contact Center được thiết kế để phục vụ nhiều nghiệp vụ khác nhau như Outbound Campaign, Debt Collection (thu hồi nợ), Telesales, và Customer Service."
Tôi muốn biết về quản lý,111,So sánh SP,Other,"MiPBX là giải pháp hạ tầng thoại, tập trung vào việc quản lý cuộc gọi vào/ra và nội bộ trong doanh nghiệp."
Tính năng Hệ thống,308,Định tuyến,MiPBX,"Hệ thống hỗ trợ định tuyến cuộc gọi theo thời gian, nhóm xử lý hoặc kỹ năng nhân viên."
Giải thích về phần mềm,251,Giải pháp tổng thể,Product,"MITEK cung cấp hệ sinh thái phần mềm bao gồm MiPBX, MiCXM, MiDesk và MiSMS hỗ trợ toàn diện cho doanh nghiệp."
dịch vụ có những ưu điểm gì?,30,MiDesk: Ticketing,MiDesk,"Các chức năng như gắn thẻ (tag), cụm nhóm (grouping), và phân loại giúp người dùng quản lý vé một cách khoa học hơn, từ đó điều chỉnh chất lượng sản phẩm và dịch vụ."
Giải thích về Dashboard,313,Giám sát,MiPBX,MiPBX hỗ trợ Dashboard real-time hiển thị cuộc gọi đang diễn ra và trạng thái máy nhánh.
Giải thích về khách hàng,183,MiDesk: Lợi ích,MiDesk,"MiDesk giúp doanh nghiệp tăng lợi thế cạnh tranh rất nhiều so với các đối thủ, vì khách hàng luôn muốn liên hệ dễ dàng với doanh nghiệp."
Lợi ích của Ticket,27,MiDesk: Ticketing,MiDesk,"Hệ thống Ticket system của MiDesk giúp tiếp nhận kịp thời, gán trách nhiệm đầy đủ, theo dõi và quản lý chặt chẽ số lượng yêu cầu (ticket) ngày càng tăng của khách hàng."
Giải thích về tính năng,8,Tính năng MiCXM,MiCXM,MiCXM sở hữu các tính năng nâng cao như PDS (Predictive Dialer System) và định tuyến cuộc gọi dựa trên kỹ năng (skill-based routing).
Tại sao nên dùng dịch vụ?,437,Đăng ký Demo,MiDesk,MiDesk cho phép doanh nghiệp đăng ký demo miễn phí để thử nghiệm trước khi quyết định sử dụng dịch vụ.
Chi tiết về hệ thống,109,Tích hợp CRM,Integration,"Để tích hợp MiPBX hoặc MiCXM với hệ thống CRM hiện tại của khách hàng, cần có Dev để tích hợp qua tài liệu API MITEK cung cấp."
Ticket là gì?,38,MiDesk: Zalo/FB,MiDesk,"Bất cứ khi nào doanh nghiệp nhận được bình luận (comment) hay tin nhắn (inbox) trên Fanpage Facebook, hoặc tương tác qua Zalo OA, hệ thống MiDesk ngay lập tức tạo thành một Ticket."
Hướng dẫn sử dụng khách hàng,158,MiDesk: Tốc độ,MiDesk,"MiDesk giúp tăng tốc độ Bán hàng và CSKH nhờ dữ liệu tập trung và quy trình tự động, từ đó rút ngắn chu kỳ bán hàng và nâng cao trải nghiệm khách hàng."
Lợi ích của khách hàng,448,Cải thiện dịch vụ sau bán,MiDesk,"MiDesk không chỉ dùng cho bán hàng mà còn hỗ trợ CSKH, bảo hành, khiếu nại, feedback, xây dựng lòng trung thành khách hàng."
Contact Center hoạt động như thế nào?,119,MiCXM: Công nghệ,MiCXM,MiCXM giảm chi phí hoạt động lên đến 70% và làm tăng lợi nhuận hoạt động cho Contact Center nhờ việc sử dụng công nghệ thông minh với chi phí cạnh tranh.
Tính năng Giải pháp,115,MiCXM: Chi phí,MiCXM,Giải pháp MiCXM duy trì hiệu quả chi phí vì nó hoạt động liên tục với cơ sở hạ tầng hiện có và không đòi hỏi các máy chủ cấp ngành công nghiệp đắt tiền.
Chi tiết về khách hàng,266,Cam kết dịch vụ,Commitment,"MITEK cam kết cung cấp dịch vụ ổn định, chất lượng cao và hỗ trợ khách hàng 24/7 trong các tình huống khẩn cấp."
Chi tiết về ticket,427,Chuyển tiếp nội bộ ticket,MiDesk,"Nếu một ticket cần chuyển phòng ban — MiDesk hỗ trợ chuyển tiếp nội bộ, giữ lịch sử và trạng thái xử lý rõ ràng."
Tôi muốn biết về tính năng,145,MiPBX: Auto-dialer,MiPBX,"MiPBX có thể tích hợp Auto-dialer (Quay số tự động) để tăng tốc độ gọi ra hàng loạt, một tính năng quan trọng cho các trung tâm Telesales lớn."
Tại sao nên dùng khách hàng?,357,Tính năng CTI,MiCXM,"Hệ thống tích hợp CTI, hỗ trợ pop-up thông tin khách hàng khi có cuộc gọi đến, hiển thị lịch sử tương tác."
khách hàng hoạt động như thế nào?,383,Theo dõi lịch sử tương tác,MiCXM,"Mọi tương tác (call, chat, email, sms, social) đều được lưu trữ và dễ truy xuất để phục vụ chăm sóc khách hàng hoặc audit."
Cuộc gọi giữa các chi?,285,Lợi ích - Miễn phí nội bộ,MiPBX,Cuộc gọi giữa các chi nhánh nội bộ sử dụng MiPBX hoàn toàn miễn phí.
MITEK liên tục cải tiến sản phẩm?,256,Đổi mới,Value,MITEK liên tục cải tiến sản phẩm và quy trình để mang lại giá trị bền vững cho doanh nghiệp.
Tại sao nên dùng Call Center?,200,MiPBX: Call Center,MiPBX,Chuyển đổi số trong doanh nghiệp thường bắt đầu từ những cuộc gọi; khám phá ngay sức mạnh của Tổng đài Call Center MiPBX để thúc đẩy quá trình này.
phần mềm hoạt động như thế nào?,429,Hỗ trợ tích hợp API,MiDesk,MiDesk cung cấp API để doanh nghiệp hoặc đối tác tích hợp hệ thống CRM/ERP hoặc các phần mềm khác dễ dàng với MiDesk.
Tại sao nên dùng báo cáo?,142,MiCXM: Báo cáo,MiCXM,"MiCXM cung cấp báo cáo chi tiết về tỷ lệ chuyển đổi (Conversion Rate) từ các chiến dịch gọi ra (Outbound Campaign), giúp đánh giá hiệu quả của đội ngũ Telesales."
Logistics hoạt động như thế nào?,353,Đối tượng sử dụng,MiCXM,"MiCXM phù hợp cho doanh nghiệp trong các ngành: Ngân hàng, Bảo hiểm, Logistics, BPO, Du lịch, Giáo dục, Thương mại, v.v."
Giải thích về Queue,68,MiDesk: Queue,MiDesk,"MiDesk sử dụng cơ chế Penalty trong Queue để thiết lập mức độ ưu tiên: Agent có Penalty = 0 sẽ ưu tiên tiếp nhận cuộc gọi, các nhóm có Penalty cao hơn sẽ là nhóm Backup."
Tổng đài hoạt động như thế nào?,194,MiPBX: Ưu điểm,MiPBX,"Tổng đài Cloud có khả năng sao lưu và khôi phục dễ dàng, cùng với bảo mật dữ liệu chặt chẽ hơn so với tổng đài truyền thống."
Tính năng tính năng,169,MiDesk: Mở rộng,MiDesk,"MiDesk dễ dàng nâng cấp gói dịch vụ theo nhu cầu mở rộng mô hình số lượng người dùng của doanh nghiệp bạn, cũng như nâng cấp tính năng tiện ích khi có nhu cầu."
Giải thích về khách hàng,363,SMS BrandName,MiCXM,"MiCXM tích hợp SMS BrandName để gửi tin nhắn hàng loạt hoặc cá nhân hóa cho khách hàng, tiện cho marketing & CSKH."
hệ thống có những ưu điểm gì?,196,MiDesk: Lợi ích,MiDesk,"MiDesk giúp cải thiện mức độ hài lòng của khách hàng nhờ hệ thống xử lý tự động phân bổ thông minh, khiến khách hàng thích thú với khả năng phản hồi thần tốc."
Tính năng khách hàng,228,MiDesk: Lợi thế,MiDesk,"MiDesk cho phép quản lý liền mạch tương tác với khách hàng từ tất cả các kênh, đảm bảo tính thống nhất trong dịch vụ."
Lợi ích của Khách hàng,110,Tích hợp CRM,Integration,"Khách hàng cần cung cấp URL Webhook để nhận thông tin cuộc gọi từ MITEK, sau đó xử lý nghiệp vụ tương ứng trên CRM của khách hàng."
dịch vụ hoạt động như thế nào?,230,Chung: Liên hệ,Other,Khách hàng có nhu cầu cần tư vấn cụ thể hơn về dịch vụ có thể liên hệ qua email contact@mitek.vn hoặc hotline 1900 1238.
Chi tiết về Lead,146,MiCXM: Lead,MiCXM,"MiCXM cho phép tự động tổng hợp sẵn tất cả các Lead (comment, tin nhắn, cuộc gọi,...) từ đa kênh và tự động phân bổ cho nhân viên theo các quy tắc đã định."
Hướng dẫn sử dụng hệ thống,245,Bảo mật,Company,"Các hệ thống của MITEK tuân thủ tiêu chuẩn bảo mật quốc tế ISO 27001:2013, đảm bảo an toàn dữ liệu cho doanh nghiệp."
Wrap hoạt động như thế nào?,153,MiCXM: Tác vụ,MiCXM,"MiCXM giúp Agent thực hiện các tác vụ sau cuộc gọi (Wrap-up) như cập nhật trạng thái cuộc gọi, ghi chú tóm tắt và lên lịch cho cuộc gọi tiếp theo một cách nhanh chóng."
Tại sao nên dùng Agent?,396,Chuyển đổi linh hoạt giữa kênh,MiCXM,"Agent có thể dễ dàng chuyển đổi tương tác giữa call, chat, email, sms… trên cùng một giao diện, giúp xử lý linh hoạt."
Khi doanh nghiệp mở rộng?,387,Mở rộng dễ dàng,MiCXM,"Khi doanh nghiệp mở rộng chi nhánh, tăng user hoặc thêm kênh — MiCXM dễ dàng mở rộng theo nhu cầu."
Telco hoạt động như thế nào?,84,Đối tác,Other,"MITEK là đối tác của các nhà mạng (Telco) lớn tại Việt Nam như FPT và ITEL, đảm bảo tính ổn định của đường truyền và đầu số Hotline (1900/1800)."
báo cáo là gì?,369,SLA & Workflow,MiCXM,"Hệ thống hỗ trợ thiết lập SLA, workflow xử lý case, nhắc nhở quá hạn và báo cáo khiếu nại — giúp đảm bảo chất lượng dịch vụ."
Tính năng hệ thống,166,MiCXM: Định tuyến,MiCXM,"MiCXM giúp tối ưu hóa cuộc gọi thông qua định tuyến dựa trên kỹ năng, đồng thời phân phối cuộc gọi tự động, tích hợp sẵn với các hệ thống IVR."
Giải thích về Doanh,330,Tùy biến,IVR,Doanh nghiệp có thể thiết kế IVR nhiều tầng bằng giao diện trực quan.
Tính năng giải pháp,211,Voice Brandname,Voice Brandname,"Voice Brandname (Cuộc gọi thương hiệu) là giải pháp hiển thị tên thương hiệu của doanh nghiệp trên màn hình điện thoại khách hàng khi gọi đi, thay vì chỉ hiển thị dãy số điện thoại."
MiDesk chấp nhận thanh toán theo hình?,75,MiDesk: Thanh toán,MiDesk,MiDesk chấp nhận thanh toán theo hình thức chuyển khoản qua ngân hàng hoặc tiền mặt.
Giải thích về dịch vụ,298,Thanh toán & gói dịch vụ,MiPBX,"MiPBX cung cấp các gói dịch vụ theo số lượng máy nhánh/user — phù hợp với doanh nghiệp nhỏ, vừa và lớn."
Lợi ích của Start,411,Tiện lợi cho doanh nghiệp nhỏ,MiDesk,"MiDesk phù hợp với mọi quy mô: từ Start-up, SMEs đến doanh nghiệp lớn, kể cả khi chỉ bán online hoặc qua social media."
"Chào bạn, bạn đang tìm hiểu thông tin nào?",232,Chào hỏi,Greeting,"Chào bạn, bạn đang tìm hiểu thông tin nào để tôi hỗ trợ ngay?"
Chi tiết về khách hàng,120,MiCXM: Kênh,MiCXM,"Không như hệ thống chăm sóc khách hàng truyền thống chỉ tương tác kênh thoại, MiCXM cho phép tương tác đa kênh bao gồm Voice, E-mail, Chat Web, Facebook, SMS, và Fax."
Tôi muốn biết về Cloud,272,Định hướng công nghệ,Company,"MITEK tập trung đầu tư vào các công nghệ AI, Cloud, phân tích dữ liệu và tự động hóa quy trình."
Chi tiết về agent,362,Live Chat & Web Chat,MiCXM,"MiCXM hỗ trợ live chat trên website, cho phép agent chat realtime với khách truy cập và lưu lịch sử chat."
Agent là gì?,446,Phản hồi linh hoạt,MiDesk,"Agent có thể tiếp nhận mọi tương tác từ nhiều kênh ngay lập tức — chat, call, email — giúp phản hồi nhanh & đúng kênh khách chọn."
Giải thích về Internet,342,Mã hóa,Bảo mật,Toàn bộ dữ liệu tín hiệu thoại được mã hóa khi truyền qua Internet.
Tính năng Logistics,246,Ngành phục vụ,Company,MITEK cung cấp giải pháp cho đa dạng lĩnh vực: Tài chính – Ngân hàng – Giáo dục – Bất động sản – Logistics – Y tế – Bán lẻ – Dịch vụ.
dịch vụ là gì?,325,Ứng dụng,AutoCall,"Auto Call được dùng trong nhắc lịch hẹn, gia hạn dịch vụ, thông báo vận đơn hoặc thu hồi công nợ."
Lợi ích của agent,371,Phân quyền & Kỹ năng,MiCXM,"MiCXM cho phép phân quyền agent, phân bố cuộc gọi theo kỹ năng — phù hợp cho tổng đài đa phòng ban."
agent là gì?,370,Báo cáo & Giám sát,MiCXM,"MiCXM có chức năng thống kê và giám sát realtime: cuộc gọi đang chờ, agent bận, tổng số cuộc gọi, lịch sử, hiệu suất agent."
Tôi muốn biết về hệ thống,413,Hỗ trợ nhiều kênh bán & CSKH,MiDesk,"MiDesk giúp hợp nhất bán hàng và CSKH — từ đặt hàng online, support, chăm sóc, CRM — tất cả trong cùng hệ thống."
Tôi muốn biết về Hotline,37,MiDesk: Đa kênh,MiDesk,"MiDesk hợp nhất tất cả các kênh Facebook, Zalo OA, Email, Live chat, Hotline 24/7 về cùng một cửa sổ OmniChannel duy nhất."
Chi tiết về Chat Web,197,MiCXM: Kênh,MiCXM,"MiCXM cho phép tương tác đa kênh bao gồm Voice, E-mail, Chat Web, Facebook, SMS, và Fax, mở rộng khả năng tiếp cận khách hàng của doanh nghiệp."
Tính năng Agent,140,MiPBX: Ghi âm,MiPBX,"Hệ thống ghi âm của MiPBX cho phép người quản lý tìm kiếm và nghe lại ghi âm dựa trên nhiều tiêu chí như số điện thoại khách hàng, thời gian, hoặc tên Agent."
Hướng dẫn sử dụng Email,352,Đa kênh,MiCXM,"MiCXM hợp nhất các kênh Thoại, Live Chat, Email, SMS, Facebook và Social Media trong một nền tảng duy nhất."
khách hàng là gì?,226,MiPBX: Hỗ trợ,MiPBX,"MITEK đảm nhận việc vận hành tổng đài cho doanh nghiệp, giúp khách hàng tiết kiệm thời gian quản lý và vận hành hệ thống."
"MITEK đề cao tinh thần chịu trách nhiệm,?",275,Tinh thần trách nhiệm,Value,"MITEK đề cao tinh thần chịu trách nhiệm, hoàn thành công việc đến nơi đến chốn và không đổ lỗi."
khách hàng có những ưu điểm gì?,276,Đoàn kết,Value,"MITEK tin vào sức mạnh tập thể, khuyến khích phối hợp liên phòng ban để giải quyết vấn đề cho khách hàng."
Tôi muốn biết về Queue,60,MiPBX: Thay đổi,MiPBX,Khách hàng muốn đổi kịch bản IVR hoặc thiết lập Queue có thể gửi yêu cầu vào email hỗ trợ để đội ngũ kỹ thuật MITEK thực hiện.
Outbound là gì?,112,So sánh SP,Other,"MiCXM là phần mềm CRM Contact Center, tập trung vào quản trị đội ngũ Telesales và tối ưu hóa các chiến dịch gọi ra (Outbound)."
Tôi muốn biết về dịch vụ,239,Chào hỏi,Greeting,"Xin chào bạn, bạn đang cần hỗ trợ về dịch vụ hay tài liệu nào?"
MiCXM có thể được cài đặt và cấu hình nhanh?,379,Khởi tạo nhanh,MiCXM,MiCXM có thể được cài đặt và cấu hình nhanh chóng — phù hợp doanh nghiệp cần triển khai gấp.
Outbound là gì?,7,Sản phẩm,Product,"MiCXM (CRM Contact Center) là hệ thống quản lý trải nghiệm khách hàng đa kênh (Voice, Email, Chat, Facebook) và tối ưu hóa năng suất Telesales/Outbound."
Chung có những ưu điểm gì?,348,Chung cư,Case Study,Chung cư sử dụng MiPBX cho bộ phận CSKH và quản lý phản ánh cư dân.
Tại sao nên dùng Tích hợp?,334,Lợi ích,CRM,Tích hợp giúp nhân viên xem lịch sử tương tác và xử lý yêu cầu nhanh hơn.
dịch vụ có những ưu điểm gì?,159,MiDesk: KPI,MiDesk,"Báo cáo của MiDesk hỗ trợ theo dõi KPI hiệu suất của nhân viên theo thời gian phản hồi và thời gian xử lý Ticket, đảm bảo chất lượng dịch vụ theo SLA."
Tính năng khách hàng,151,MiCXM: Định tuyến,MiCXM,"MiCXM sử dụng ACD (Automatic Call Distribution) thông minh, định tuyến cuộc gọi đến Agent có kỹ năng phù hợp nhất hoặc Agent đã tương tác với khách hàng gần nhất."
giải pháp hoạt động như thế nào?,178,Mục đích,Other,"Mục tiêu của MiDesk là cung cấp giải pháp dịch vụ khách hàng, chăm sóc khách hàng đa kênh toàn diện."
Tùy theo nhu cầu — số lượng?,380,Chi phí linh hoạt,MiCXM,"Tùy theo nhu cầu — số lượng user, kênh, volume cuộc gọi — chi phí của MiCXM linh hoạt, phù hợp SMEs và enterprise."
Giờ làm việc chính thức của?,185,Thông tin,Info,Giờ làm việc chính thức của MITEK là từ Thứ Hai đến Thứ Sáu: 8h00 – 18h00.
"Kể từ năm 2016, MITEK đã phục?",273,Hành trình phát triển,Company,"Kể từ năm 2016, MITEK đã phục vụ hàng nghìn doanh nghiệp trong nhiều lĩnh vực trên cả nước."
Tôi muốn biết về Ticket,11,Tính năng MiDesk,MiDesk,"MiDesk giúp chuyển đổi mọi tương tác (Call, Chat, Email, Social) thành phiếu xử lý (Ticket), thực hiện phân bổ tự động, và cung cấp báo cáo KPI/SLA chi tiết."
Tại sao nên dùng quản lý?,368,Case Management,MiCXM,"MiCXM hỗ trợ quản lý vụ việc (case): từ tiếp nhận, xử lý, theo dõi tới hoàn tất — thích hợp cho CSKH, khiếu nại, support kỹ thuật."
Zalo hoạt động như thế nào?,104,Case Study,Case Study,"Công ty TNHH Hoàng Kim Mỹ (Hoàng Kim Mỹ) hài lòng với MiPBX vì chi phí rẻ và cố định, cùng sự hỗ trợ nhanh chóng từ cả MITEK và nhà mạng FPT thông qua nhóm Zalo."
Chi tiết về Zalo Notification Service,82,Tích hợp Zalo,Zalo,Việc sử dụng Zalo Notification Service (ZNS) thông qua MiSMS giúp doanh nghiệp gửi thông báo chăm sóc khách hàng cá nhân hóa với độ tin cậy và tỷ lệ mở cao hơn so với SMS thông thường.
Tính năng khách hàng,39,MiDesk: Email,MiDesk,MiDesk cho phép nhân viên truy cập và quản lý tất cả các email hỗ trợ khách hàng ngay trong thanh công cụ MiDesk mà không cần kiểm tra từng hộp thư riêng lẻ.
"Dữ liệu cuộc gọi, chat, email, sms?",393,Backup dữ liệu,MiCXM,"Dữ liệu cuộc gọi, chat, email, sms được lưu trữ và backup đảm bảo không mất dữ liệu khi doanh nghiệp mở rộng hoặc xảy ra sự cố."
Chi tiết về khách hàng,168,MiDesk: Khách hàng,MiDesk,"Khách hàng chính là tài sản của bất kỳ doanh nghiệp nào, nếu hệ thống chăm sóc khách hàng không hiệu quả, khách hàng có thể rời bỏ bạn bất kỳ lúc nào."
khách hàng có những ưu điểm gì?,450,Giá trị dài hạn,MiDesk,"MiDesk giúp doanh nghiệp xây dựng hệ thống CSKH chuyên nghiệp, dữ liệu khách hàng tập trung, dễ phân tích & tái sử dụng — nền tảng cho CRM & marketing sau này."
Chi tiết về dịch vụ,300,Liên hệ hỗ trợ,MiPBX,Hotline hỗ trợ: 1900 1238 — Email liên hệ: contact@mitek.vn — nhanh chóng tư vấn & hỗ trợ dịch vụ.
Giải thích về Start,199,MiDesk: Phạm vi,MiDesk,"MiDesk thích nghi với nhiều quy mô doanh nghiệp khác nhau, từ các công ty lớn (Enterprise) cho đến các công ty khởi nghiệp (Start-up)."
Lợi ích của Quản lý,287,Tính năng,MiPBX,"Quản lý ghi âm, lưu lịch sử cuộc gọi (gọi vào, gọi ra, cuộc gọi nhỡ) chi tiết cho từng máy nhánh và user."
Chi tiết về Cloud,317,SLA,MiPBX,MiPBX đảm bảo thời gian uptime cao nhờ kiến trúc Cloud nhiều lớp backup dữ liệu.
MiDesk giúp doanh nghiệp tránh bỏ?,447,Tối ưu quản lý ticket,MiDesk,"MiDesk giúp doanh nghiệp tránh bỏ sót yêu cầu, giảm lỗi xử lý, đảm bảo quy trình rõ ràng từ tiếp nhận → xử lý → hoàn tất."
Tính năng giải pháp,195,MiDesk: Lợi ích,MiDesk,Việc sử dụng giải pháp tích hợp đa kênh như MiDesk mang lại lợi thế cạnh tranh rất lớn so với các đối thủ trên thị trường.
khách hàng là gì?,90,Lợi ích chung,Benefits,"Mục tiêu cuối cùng của MITEK là giúp khách hàng tạo ra các trải nghiệm đáng nhớ và duy trì mức độ trung thành cao, từ đó thúc đẩy tăng doanh số một cách hiệu quả."
Tính năng khách hàng,147,MiDesk: Phản hồi,MiDesk,"MiDesk giúp doanh nghiệp phản hồi khách hàng nhanh chóng nhờ khả năng tích hợp và đồng bộ dữ liệu khách hàng từ mọi kênh, nâng cao trải nghiệm khách hàng ngay từ lần đầu tiên."
Tôi muốn biết về tổng đài,164,Thiết bị,Hardware,"Các sản phẩm Yealink được cung cấp bao gồm Tai nghe Yealink và Điện thoại IP Yealink, đây là các thiết bị đầu cuối tương thích hoàn hảo với tổng đài Cloud MiPBX."
Lợi ích của Hotline,248,Liên hệ,Company,Hotline hỗ trợ: 1900 1238 – Email: contact@mitek.vn.
khách hàng hoạt động như thế nào?,148,MiDesk: Cá nhân hóa,MiDesk,"MiDesk giúp thực hiện cá nhân hóa tương tác bằng cách cho phép nhân viên truy cập lịch sử mua hàng, sở thích cá nhân, và các tương tác trước đó của khách hàng."
Tính năng Cloud,3,Công nghệ,Technology,Các sản phẩm của MITEK được triển khai theo mô hình Điện toán đám mây (Cloud) hoặc SaaS (Software as a Service).
Hướng dẫn sử dụng khách hàng,93,MiPBX: Log,MiPBX,Dữ liệu khách hàng và Log cuộc gọi mặc định được lưu trữ trong 1 năm; khách hàng có thể mua thêm gói lưu trữ nếu có nhu cầu lưu giữ lâu hơn.
Tôi muốn biết về tích hợp,417,SMS & Email Support,MiDesk,"MiDesk tích hợp cả SMS/email để chăm sóc khách hàng, gửi thông báo, xác nhận dễ dàng — phù hợp cho CSKH & marketing."
hệ thống là gì?,70,MiDesk: Omnichannel,MiDesk,"Lợi ích của Omnichannel là kết nối tất cả các kênh lại một hệ thống, mang lại trải nghiệm nhất quán cho khách hàng, khác biệt với Multi-channel thiếu sự thống nhất."
Lợi ích của dịch vụ,451,Giới thiệu,MiSMS,"MiSMS là dịch vụ SMS Brandname & ZNS giúp doanh nghiệp gửi tin nhắn quảng cáo, chăm sóc khách hàng và thông báo đến khách hàng trên điện thoại."
Lợi ích của tổng đài,124,MiDesk: Mobile,MiDesk,"Với việc sử dụng tổng đài MiDesk, nhân viên có thể gọi ra bằng đầu số của công ty bất cứ đâu thông qua ứng dụng trên smartphone."
agent là gì?,356,Tính năng IVR,MiCXM,"MiCXM cung cấp IVR cho phép tạo menu thoại tự động, giúp định tuyến khách hàng theo nhu cầu mà không cần agent trực tiếp."
